-- MySQL dump 10.13  Distrib 8.0.28, for Win64 (x86_64)
--
-- Host: 127.0.0.1    Database: adivinaanime
-- ------------------------------------------------------
-- Server version	8.0.28

/*!40101 SET @OLD_CHARACTER_SET_CLIENT=@@CHARACTER_SET_CLIENT */;
/*!40101 SET @OLD_CHARACTER_SET_RESULTS=@@CHARACTER_SET_RESULTS */;
/*!40101 SET @OLD_COLLATION_CONNECTION=@@COLLATION_CONNECTION */;
/*!50503 SET NAMES utf8 */;
/*!40103 SET @OLD_TIME_ZONE=@@TIME_ZONE */;
/*!40103 SET TIME_ZONE='+00:00' */;
/*!40014 SET @OLD_UNIQUE_CHECKS=@@UNIQUE_CHECKS, UNIQUE_CHECKS=0 */;
/*!40014 SET @OLD_FOREIGN_KEY_CHECKS=@@FOREIGN_KEY_CHECKS, FOREIGN_KEY_CHECKS=0 */;
/*!40101 SET @OLD_SQL_MODE=@@SQL_MODE, SQL_MODE='NO_AUTO_VALUE_ON_ZERO' */;
/*!40111 SET @OLD_SQL_NOTES=@@SQL_NOTES, SQL_NOTES=0 */;

--
-- Table structure for table `anime`
--

DROP TABLE IF EXISTS `anime`;
/*!40101 SET @saved_cs_client     = @@character_set_client */;
/*!50503 SET character_set_client = utf8mb4 */;
CREATE TABLE `anime` (
  `animeId` int NOT NULL AUTO_INCREMENT,
  `animeNom` varchar(30) NOT NULL,
  `animeYear` year NOT NULL,
  `animeFotoRuta` varchar(30) NOT NULL,
  `difiId` int DEFAULT NULL,
  PRIMARY KEY (`animeId`),
  KEY `FK_anime_dificultad` (`difiId`),
  CONSTRAINT `FK_anime_dificultad` FOREIGN KEY (`difiId`) REFERENCES `dificultad` (`difiId`)
) ENGINE=InnoDB AUTO_INCREMENT=171 DEFAULT CHARSET=utf8mb4 COLLATE=utf8mb4_0900_ai_ci;
/*!40101 SET character_set_client = @saved_cs_client */;

--
-- Dumping data for table `anime`
--

LOCK TABLES `anime` WRITE;
/*!40000 ALTER TABLE `anime` DISABLE KEYS */;
INSERT INTO `anime` VALUES (1,'Akame ga Kill!',2014,'C:\\AdivinaAnime\\pic\\1',1),(2,'Angel Beats!',2010,'C:\\AdivinaAnime\\pic\\2',1),(3,'Ano Hana',2011,'C:\\AdivinaAnime\\pic\\3',1),(4,'Another',2012,'C:\\AdivinaAnime\\pic\\4',1),(5,'Assassination Classroom 1',2015,'C:\\AdivinaAnime\\pic\\5',1),(6,'Assassination Classroom 2',2016,'C:\\AdivinaAnime\\pic\\6',1),(7,'Ao Haru Ride',2014,'C:\\AdivinaAnime\\pic\\7',1),(8,'Bakemonogatari',2009,'C:\\AdivinaAnime\\pic\\8',1),(9,'Black clover',2017,'C:\\AdivinaAnime\\pic\\9',1),(10,'Ao no Exorcist',2011,'C:\\AdivinaAnime\\pic\\10',1),(11,'Banana Fish',2018,'C:\\AdivinaAnime\\pic\\11',1),(12,'Beastars',2019,'C:\\AdivinaAnime\\pic\\12',1),(13,'Bleach',2004,'C:\\AdivinaAnime\\pic\\13',1),(14,'Erased',2016,'C:\\AdivinaAnime\\pic\\14',1),(15,'Boku no Hero Academia',2016,'C:\\AdivinaAnime\\pic\\15',1),(16,'Boku no Hero Academia Season 2',2017,'C:\\AdivinaAnime\\pic\\16',1),(17,'Boku no Hero Academia Season 3',2018,'C:\\AdivinaAnime\\pic\\17',1),(18,'Boku no Hero Academia Season 4',2019,'C:\\AdivinaAnime\\pic\\18',1),(19,'Boku no Hero Academia Season 5',2021,'C:\\AdivinaAnime\\pic\\19',1),(20,'Boruto',2017,'C:\\AdivinaAnime\\pic\\20',1),(21,'Bungou Stray Dogs',2016,'C:\\AdivinaAnime\\pic\\21',1),(22,'Bungou Stray Dogs 2nd Season',2016,'C:\\AdivinaAnime\\pic\\22',1),(23,'Charlotte',2015,'C:\\AdivinaAnime\\pic\\23',1),(24,'Chuunibyou',2012,'C:\\AdivinaAnime\\pic\\24',1),(25,'Clannad',2007,'C:\\AdivinaAnime\\pic\\25',1),(26,'Clannad 2',2008,'C:\\AdivinaAnime\\pic\\26',1),(27,'Code Geass',2006,'C:\\AdivinaAnime\\pic\\27',1),(28,'Cowboy Bebop',1998,'C:\\AdivinaAnime\\pic\\28',1),(29,'Danganronpa',2013,'C:\\AdivinaAnime\\pic\\29',1),(30,'Darling in the Franxx',2018,'C:\\AdivinaAnime\\pic\\30',1),(31,'Deadman Wonderland',2011,'C:\\AdivinaAnime\\pic\\31',1),(32,'Death Note',2006,'C:\\AdivinaAnime\\pic\\32',1),(33,'Death Parade',2015,'C:\\AdivinaAnime\\pic\\33',1),(34,'Dororo',2019,'C:\\AdivinaAnime\\pic\\34',1),(35,'Dr. Stone',2019,'C:\\AdivinaAnime\\pic\\35',1),(36,'Dr. Stone: Stone Wars',2021,'C:\\AdivinaAnime\\pic\\36',1),(37,'Dragon Ball Z',1989,'C:\\AdivinaAnime\\pic\\37',1),(38,'Danmachi',2015,'C:\\AdivinaAnime\\pic\\38',1),(39,'Danmachi 2',2019,'C:\\AdivinaAnime\\pic\\39',1),(40,'Durarara!!',2010,'C:\\AdivinaAnime\\pic\\40',1),(41,'Eiga Koe no Katachi',2016,'C:\\AdivinaAnime\\pic\\41',1),(42,'Enen no Shouboutai',2019,'C:\\AdivinaAnime\\pic\\42',1),(43,'Fire Force',2020,'C:\\AdivinaAnime\\pic\\43',1),(44,'Fairy Tail',2009,'C:\\AdivinaAnime\\pic\\44',1),(45,'Fate/Stay Night:UBW',2014,'C:\\AdivinaAnime\\pic\\45',1),(46,'Fate/Zero',2011,'C:\\AdivinaAnime\\pic\\46',1),(47,'Fate/Zero Season 2',2012,'C:\\AdivinaAnime\\pic\\47',1),(48,'Fruits Basket 1st Season',2019,'C:\\AdivinaAnime\\pic\\48',1),(49,'Fumetsu no Anata e',2021,'C:\\AdivinaAnime\\pic\\49',1),(50,'Code Geass 2',2008,'C:\\AdivinaAnime\\pic\\50',1),(51,'Gekkan Shoujo Nozaki-kun',2014,'C:\\AdivinaAnime\\pic\\51',1),(52,'Gintama',2006,'C:\\AdivinaAnime\\pic\\52',1),(53,'Given',2019,'C:\\AdivinaAnime\\pic\\53',1),(54,'5-toubun no Hanayome',2019,'C:\\AdivinaAnime\\pic\\54',1),(55,'Goblin Slayer',2018,'C:\\AdivinaAnime\\pic\\55',1),(56,'Golden Time',2013,'C:\\AdivinaAnime\\pic\\56',1),(57,'Guilty Crown',2011,'C:\\AdivinaAnime\\pic\\57',1),(58,'Fullmetal Alchemist',2003,'C:\\AdivinaAnime\\pic\\58',1),(59,'Fullmetal A. Brotherhood',2009,'C:\\AdivinaAnime\\pic\\59',1),(60,'Haikyuu!! 1',2014,'C:\\AdivinaAnime\\pic\\60',1),(61,'Haikyuu!! 3',2016,'C:\\AdivinaAnime\\pic\\61',1),(62,'Haikyuu!! 2',2015,'C:\\AdivinaAnime\\pic\\62',1),(63,'Haikyuu!! 4',2020,'C:\\AdivinaAnime\\pic\\63',1),(64,'Haikyuu!! 4 2da Season',2020,'C:\\AdivinaAnime\\pic\\64',1),(65,'Hataraku Maou-sama!',2013,'C:\\AdivinaAnime\\pic\\65',1),(66,'Hataraku Saibou',2018,'C:\\AdivinaAnime\\pic\\66',1),(67,'Horimiya',2021,'C:\\AdivinaAnime\\pic\\67',1),(68,'Hunter x Hunter ',2011,'C:\\AdivinaAnime\\pic\\68',1),(69,'Hyouka',2012,'C:\\AdivinaAnime\\pic\\69',1),(70,'Ijiranaide, Nagatoro-san',2021,'C:\\AdivinaAnime\\pic\\70',1),(71,'Jibaku Shounen Hanako-kun',2020,'C:\\AdivinaAnime\\pic\\71',1),(72,'JoJos Bizarre Adventure 1',2012,'C:\\AdivinaAnime\\pic\\72',1),(73,'Jojos Bizarre Adventure 4',2016,'C:\\AdivinaAnime\\pic\\73',1),(74,'Jojos Bizarre Adventure 5',2020,'C:\\AdivinaAnime\\pic\\74',1),(75,'Jojos Bizarre Adventure 3',2014,'C:\\AdivinaAnime\\pic\\75',1),(76,'Jojos Bizarre Adventure 3 p2',2014,'C:\\AdivinaAnime\\pic\\76',1),(77,'Jujutsu Kaisen',2020,'C:\\AdivinaAnime\\pic\\77',1),(78,'K-On!',2009,'C:\\AdivinaAnime\\pic\\78',1),(79,'Kaguya-sama: Love Is War',2019,'C:\\AdivinaAnime\\pic\\79',1),(80,'Kaguya-sama: Love Is War 2',2020,'C:\\AdivinaAnime\\pic\\80',1),(81,'Kaichou wa Maid-sama!',2010,'C:\\AdivinaAnime\\pic\\81',1),(82,'Kakegurui',2017,'C:\\AdivinaAnime\\pic\\82',1),(83,'Tower of God',2020,'C:\\AdivinaAnime\\pic\\83',1),(84,'Kanojo, Okarishimasu',2020,'C:\\AdivinaAnime\\pic\\84',1),(85,'Kekkai Sensen',2015,'C:\\AdivinaAnime\\pic\\85',1),(86,'Kill la Kill',2013,'C:\\AdivinaAnime\\pic\\86',1),(87,'Kimetsu no Yaiba',2019,'C:\\AdivinaAnime\\pic\\87',1),(88,'Demon Slayer: District Arc',2019,'C:\\AdivinaAnime\\pic\\88',1),(89,'Kimi no Na wa',2019,'C:\\AdivinaAnime\\pic\\89',1),(90,'Parasyte',2014,'C:\\AdivinaAnime\\pic\\90',1),(91,'Kobayashi-san Maid Dragon',2017,'C:\\AdivinaAnime\\pic\\91',1),(92,'Komi-san',2021,'C:\\AdivinaAnime\\pic\\92',1),(93,'konosuba',2016,'C:\\AdivinaAnime\\pic\\93',1),(94,'konosuba S2',2017,'C:\\AdivinaAnime\\pic\\94',1),(95,'Kuroko no Baske',2012,'C:\\AdivinaAnime\\pic\\95',1),(96,'Black Butler',2008,'C:\\AdivinaAnime\\pic\\96',1),(97,'Kyoukai no Kanata',2013,'C:\\AdivinaAnime\\pic\\97',1),(98,'Log Horizon',2013,'C:\\AdivinaAnime\\pic\\98',1),(99,'Made in Abyss',2017,'C:\\AdivinaAnime\\pic\\99',1),(100,'The Labyrinth of Magic',2012,'C:\\AdivinaAnime\\pic\\100',1),(101,'Mahou Shoujo Madoka Magica',2011,'C:\\AdivinaAnime\\pic\\101',1),(102,'Mahouka Koukou no Rettousei',2014,'C:\\AdivinaAnime\\pic\\102',1),(103,'Mirai Nikki ',2011,'C:\\AdivinaAnime\\pic\\103',1),(104,'Mob Psycho 100',2016,'C:\\AdivinaAnime\\pic\\104',1),(105,'Mob Psycho 100 II',2019,'C:\\AdivinaAnime\\pic\\105',1),(106,'Nanatsu no Taizai',2014,'C:\\AdivinaAnime\\pic\\106',1),(107,'Nanatsu no Taizai S2',2018,'C:\\AdivinaAnime\\pic\\107',1),(108,'Naruto',2002,'C:\\AdivinaAnime\\pic\\108',1),(109,'Naruto Shippuuden',2007,'C:\\AdivinaAnime\\pic\\109',1),(110,'Nisekoi',2014,'C:\\AdivinaAnime\\pic\\110',1),(111,'No Game No Life',2014,'C:\\AdivinaAnime\\pic\\111',1),(112,'Noragami',2014,'C:\\AdivinaAnime\\pic\\112',1),(113,'Noragami Aragoto',2015,'C:\\AdivinaAnime\\pic\\113',1),(114,'One Piece',1999,'C:\\AdivinaAnime\\pic\\114',1),(115,'One Punch Man',2015,'C:\\AdivinaAnime\\pic\\115',1),(116,'One Punch Man S2',2019,'C:\\AdivinaAnime\\pic\\116',1),(117,'Orange',2016,'C:\\AdivinaAnime\\pic\\117',1),(118,'Wotakoi',2018,'C:\\AdivinaAnime\\pic\\118',1),(119,'Overlord',2015,'C:\\AdivinaAnime\\pic\\119',1),(120,'Overlord II',2018,'C:\\AdivinaAnime\\pic\\120',1),(121,'Owari no Seraph',2015,'C:\\AdivinaAnime\\pic\\121',1),(122,'Plastic Memories',2015,'C:\\AdivinaAnime\\pic\\122',1),(123,'Psycho-Pass',2012,'C:\\AdivinaAnime\\pic\\123',1),(124,'re:zero',2016,'C:\\AdivinaAnime\\pic\\124',1),(125,'re:zero 2',2020,'C:\\AdivinaAnime\\pic\\125',1),(126,'Relife',2016,'C:\\AdivinaAnime\\pic\\126',1),(127,'Saiki K',2016,'C:\\AdivinaAnime\\pic\\127',1),(128,'Sakura-sou no Pet',2012,'C:\\AdivinaAnime\\pic\\128',1),(129,'Samurai Champloo',2004,'C:\\AdivinaAnime\\pic\\129',1),(130,'Sangatsu no Lion',2016,'C:\\AdivinaAnime\\pic\\130',1),(131,'Satsuriku no Tenshi',2018,'C:\\AdivinaAnime\\pic\\131',1),(132,'Bunny Girl Senpai',2018,'C:\\AdivinaAnime\\pic\\132',1),(133,'Shigatsu wa Kimi no Uso',2014,'C:\\AdivinaAnime\\pic\\133',1),(134,'Shingeki no Kyojin',2013,'C:\\AdivinaAnime\\pic\\134',1),(135,'Shingeki no Kyojin S2',2017,'C:\\AdivinaAnime\\pic\\135',1),(136,'Shingeki no Kyojin S3',2018,'C:\\AdivinaAnime\\pic\\136',1),(137,'Shingeki no Kyojin S4',2020,'C:\\AdivinaAnime\\pic\\137',1),(138,' Evangelion',2020,'C:\\AdivinaAnime\\pic\\138',1),(139,'Shokugeki no Souma',2015,'C:\\AdivinaAnime\\pic\\139',1),(140,'SK8',2021,'C:\\AdivinaAnime\\pic\\140',1),(141,'Soul Eater',2008,'C:\\AdivinaAnime\\pic\\141',1),(142,'Steins;Gate',2011,'C:\\AdivinaAnime\\pic\\142',1),(143,'Sword Art Online',2012,'C:\\AdivinaAnime\\pic\\143',1),(144,'Sword Art Online II',2014,'C:\\AdivinaAnime\\pic\\144',1),(145,'Sword Art Online III',2018,'C:\\AdivinaAnime\\pic\\145',1),(146,'Tate no Yuusha',2019,'C:\\AdivinaAnime\\pic\\146',1),(147,'Tengen Toppa Gurren Lagann',2007,'C:\\AdivinaAnime\\pic\\147',1),(148,'isekai slime',2018,'C:\\AdivinaAnime\\pic\\148',1),(149,'The God of High School',2020,'C:\\AdivinaAnime\\pic\\149',1),(150,'Tokyo Ghoul',2014,'C:\\AdivinaAnime\\pic\\150',1),(151,'Tokyo Ghoul √A',2015,'C:\\AdivinaAnime\\pic\\151',1),(152,'Tokyo Ghoul:Re',2018,'C:\\AdivinaAnime\\pic\\152',1),(153,'Tokyo Ghoul:Re S2',2018,'C:\\AdivinaAnime\\pic\\153',1),(154,'Tokyo Revengers',2021,'C:\\AdivinaAnime\\pic\\154',1),(155,'Tonari no Kaibutsu-kun',2012,'C:\\AdivinaAnime\\pic\\155',1),(156,'Toradora!',2008,'C:\\AdivinaAnime\\pic\\156',1),(157,'Vinland Saga',2019,'C:\\AdivinaAnime\\pic\\157',1),(158,'Violet Evergarden',2018,'C:\\AdivinaAnime\\pic\\158',1),(159,'Wonder Egg Priority',2021,'C:\\AdivinaAnime\\pic\\159',1),(160,'Oregairu',2013,'C:\\AdivinaAnime\\pic\\160',1),(161,'Oregairu 2',2015,'C:\\AdivinaAnime\\pic\\161',1),(162,'Yakusoku no Neverland',2019,'C:\\AdivinaAnime\\pic\\162',1),(163,'Yakusoku no Neverland S2',2021,'C:\\AdivinaAnime\\pic\\163',1),(164,'Youjo Senki',2017,'C:\\AdivinaAnime\\pic\\164',1),(165,'Youkoso',2017,'C:\\AdivinaAnime\\pic\\165',1),(166,'Yuuri!!! on Ice',2016,'C:\\AdivinaAnime\\pic\\166',1),(167,'Zankyou no Terror',2014,'C:\\AdivinaAnime\\pic\\167',1),(168,'Kakegurui XX',2019,'C:\\AdivinaAnime\\pic\\168',1),(169,'Nichijou',2011,'C:\\AdivinaAnime\\pic\\169',1),(170,'Ouran Koukou Host Club',2006,'C:\\AdivinaAnime\\pic\\170',1);
/*!40000 ALTER TABLE `anime` ENABLE KEYS */;
UNLOCK TABLES;

--
-- Table structure for table `animexgenero`
--

DROP TABLE IF EXISTS `animexgenero`;
/*!40101 SET @saved_cs_client     = @@character_set_client */;
/*!50503 SET character_set_client = utf8mb4 */;
CREATE TABLE `animexgenero` (
  `animeId` int NOT NULL,
  `genId` int NOT NULL,
  PRIMARY KEY (`animeId`,`genId`),
  KEY `FK_animexgenero_genero` (`genId`),
  CONSTRAINT `FK_animexgenero_anime` FOREIGN KEY (`animeId`) REFERENCES `anime` (`animeId`),
  CONSTRAINT `FK_animexgenero_genero` FOREIGN KEY (`genId`) REFERENCES `genero` (`genId`)
) ENGINE=InnoDB DEFAULT CHARSET=utf8mb4 COLLATE=utf8mb4_0900_ai_ci;
/*!40101 SET character_set_client = @saved_cs_client */;

--
-- Dumping data for table `animexgenero`
--

LOCK TABLES `animexgenero` WRITE;
/*!40000 ALTER TABLE `animexgenero` DISABLE KEYS */;
INSERT INTO `animexgenero` VALUES (1,1),(2,1),(5,1),(6,1),(9,1),(10,1),(11,1),(13,1),(15,1),(16,1),(17,1),(18,1),(19,1),(21,1),(22,1),(27,1),(28,1),(30,1),(31,1),(34,1),(36,1),(37,1),(38,1),(39,1),(40,1),(42,1),(43,1),(45,1),(46,1),(47,1),(49,1),(50,1),(52,1),(55,1),(57,1),(58,1),(59,1),(66,1),(68,1),(71,1),(72,1),(73,1),(74,1),(75,1),(76,1),(77,1),(83,1),(85,1),(86,1),(87,1),(88,1),(90,1),(93,1),(94,1),(96,1),(97,1),(98,1),(100,1),(101,1),(102,1),(103,1),(104,1),(105,1),(106,1),(107,1),(108,1),(109,1),(111,1),(112,1),(113,1),(114,1),(115,1),(116,1),(119,1),(120,1),(121,1),(123,1),(124,1),(125,1),(129,1),(131,1),(134,1),(135,1),(136,1),(137,1),(138,1),(140,1),(141,1),(143,1),(144,1),(145,1),(146,1),(147,1),(148,1),(149,1),(150,1),(151,1),(152,1),(153,1),(154,1),(157,1),(159,1),(164,1),(2,3),(5,3),(6,3),(7,3),(8,3),(9,3),(15,3),(16,3),(17,3),(18,3),(19,3),(21,3),(22,3),(23,3),(24,3),(36,3),(37,3),(38,3),(39,3),(48,3),(51,3),(52,3),(54,3),(56,3),(60,3),(61,3),(62,3),(63,3),(64,3),(65,3),(66,3),(67,3),(70,3),(71,3),(78,3),(79,3),(80,3),(81,3),(84,3),(85,3),(86,3),(90,3),(92,3),(93,3),(94,3),(95,3),(96,3),(104,3),(105,3),(106,3),(107,3),(108,3),(109,3),(110,3),(111,3),(112,3),(114,3),(115,3),(116,3),(118,3),(122,3),(126,3),(127,3),(128,3),(129,3),(132,3),(139,3),(140,3),(141,3),(147,3),(148,3),(149,3),(155,3),(156,3),(160,3),(161,3),(166,3),(169,3),(170,3),(8,4),(41,4),(138,4),(159,4),(9,5),(10,5),(13,5),(34,5),(42,5),(43,5),(65,5),(87,5),(88,5),(96,5),(97,5),(106,5),(107,5),(121,5),(1,6),(2,6),(3,6),(5,6),(7,6),(8,6),(9,6),(11,6),(12,6),(14,6),(23,6),(24,6),(26,6),(27,6),(28,6),(30,6),(34,6),(41,6),(42,6),(43,6),(48,6),(49,6),(50,6),(52,6),(53,6),(54,6),(56,6),(57,6),(58,6),(59,6),(60,6),(61,6),(62,6),(63,6),(64,6),(71,6),(73,6),(74,6),(76,6),(77,6),(81,6),(82,6),(83,6),(84,6),(87,6),(88,6),(89,6),(90,6),(97,6),(99,6),(101,6),(114,6),(117,6),(121,6),(122,6),(124,6),(125,6),(126,6),(128,6),(130,6),(132,6),(133,6),(134,6),(135,6),(136,6),(137,6),(138,6),(140,6),(142,6),(147,6),(150,6),(151,6),(154,6),(156,6),(157,6),(158,6),(159,6),(160,6),(161,6),(162,6),(163,6),(165,6),(166,6),(167,6),(168,6),(170,6),(1,7),(2,7),(9,7),(10,7),(38,7),(39,7),(45,7),(46,7),(47,7),(49,7),(55,7),(58,7),(59,7),(65,7),(68,7),(83,7),(87,7),(88,7),(90,7),(93,7),(94,7),(97,7),(98,7),(99,7),(100,7),(101,7),(102,7),(106,7),(107,7),(111,7),(112,7),(114,7),(119,7),(120,7),(121,7),(124,7),(125,7),(134,7),(135,7),(136,7),(137,7),(141,7),(143,7),(144,7),(145,7),(146,7),(148,7),(158,7),(159,7),(162,7),(163,7),(164,7),(86,8),(106,8),(107,8),(111,8),(139,8),(1,10),(2,10),(54,10),(84,10),(110,10),(144,10),(170,10),(96,11),(129,11),(157,11),(158,11),(4,12),(29,12),(31,12),(90,12),(99,12),(103,12),(131,12),(150,12),(151,12),(152,12),(153,12),(162,12),(163,12),(65,13),(93,13),(94,13),(98,13),(111,13),(119,13),(120,13),(124,13),(125,13),(143,13),(144,13),(145,13),(146,13),(148,13),(164,13),(9,16),(38,16),(39,16),(45,16),(46,16),(47,16),(58,16),(65,16),(83,16),(90,16),(93,16),(94,16),(98,16),(100,16),(101,16),(106,16),(107,16),(119,16),(120,16),(141,16),(146,16),(148,16),(164,16),(101,17),(37,18),(108,18),(149,18),(27,19),(30,19),(50,19),(57,19),(138,19),(147,19),(27,20),(50,20),(58,20),(59,20),(102,20),(121,20),(134,20),(135,20),(136,20),(137,20),(157,20),(164,20),(8,21),(53,21),(78,21),(133,21),(4,22),(12,22),(14,22),(21,22),(22,22),(29,22),(32,22),(40,22),(69,22),(71,22),(73,22),(74,22),(82,22),(83,22),(96,22),(97,22),(103,22),(121,22),(132,22),(134,22),(135,22),(136,22),(137,22),(138,22),(150,22),(151,22),(152,22),(153,22),(159,22),(162,22),(163,22),(167,22),(168,22),(51,23),(52,23),(79,23),(80,23),(86,23),(90,23),(93,23),(94,23),(115,23),(116,23),(127,23),(170,23),(32,24),(123,24),(152,24),(1,25),(4,25),(8,25),(11,25),(12,25),(14,25),(29,25),(30,25),(32,25),(49,25),(57,25),(79,25),(80,25),(82,25),(90,25),(101,25),(103,25),(104,25),(105,25),(123,25),(124,25),(125,25),(131,25),(132,25),(138,25),(142,25),(150,25),(151,25),(152,25),(153,25),(159,25),(162,25),(163,25),(165,25),(167,25),(168,25),(3,26),(7,26),(12,26),(23,26),(24,26),(26,26),(30,26),(38,26),(39,26),(41,26),(48,26),(51,26),(53,26),(54,26),(56,26),(65,26),(67,26),(70,26),(79,26),(80,26),(81,26),(84,26),(89,26),(92,26),(102,26),(110,26),(117,26),(118,26),(122,26),(124,26),(125,26),(126,26),(132,26),(133,26),(143,26),(144,26),(147,26),(154,26),(155,26),(156,26),(160,26),(161,26),(170,26),(34,27),(52,27),(129,27),(1,28),(4,28),(5,28),(6,28),(7,28),(12,28),(15,28),(16,28),(17,28),(18,28),(19,28),(23,28),(24,28),(51,28),(54,28),(67,28),(69,28),(70,28),(71,28),(78,28),(79,28),(80,28),(81,28),(82,28),(92,28),(102,28),(110,28),(117,28),(126,28),(127,28),(128,28),(139,28),(141,28),(155,28),(156,28),(160,28),(161,28),(165,28),(168,28),(169,28),(170,28),(18,29),(19,29),(23,29),(27,29),(28,29),(29,29),(30,29),(31,29),(36,29),(42,29),(43,29),(50,29),(52,29),(57,29),(66,29),(90,29),(99,29),(102,29),(115,29),(116,29),(122,29),(123,29),(138,29),(142,29),(147,29),(159,29),(22,30),(90,30),(130,30),(151,30),(157,30),(7,31),(48,31),(81,31),(117,31),(155,31),(170,31),(53,32),(90,32),(166,32),(3,33),(7,33),(12,33),(24,33),(26,33),(41,33),(48,33),(51,33),(53,33),(54,33),(65,33),(67,33),(69,33),(70,33),(78,33),(79,33),(80,33),(90,33),(92,33),(97,33),(104,33),(105,33),(110,33),(118,33),(122,33),(126,33),(127,33),(128,33),(130,33),(133,33),(155,33),(156,33),(158,33),(160,33),(161,33),(169,33),(170,33),(60,34),(61,34),(62,34),(63,34),(64,34),(95,34),(140,34),(166,34),(1,35),(3,35),(4,35),(6,35),(8,35),(10,35),(13,35),(14,35),(21,35),(22,35),(23,35),(26,35),(32,35),(34,35),(40,35),(42,35),(43,35),(45,35),(46,35),(47,35),(48,35),(49,35),(71,35),(72,35),(73,35),(74,35),(75,35),(76,35),(77,35),(85,35),(87,35),(88,35),(89,35),(96,35),(97,35),(102,35),(103,35),(104,35),(105,35),(106,35),(107,35),(112,35),(113,35),(115,35),(116,35),(117,35),(121,35),(127,35),(132,35),(149,35),(150,35),(151,35),(152,35),(153,35),(154,35),(6,36),(9,36),(10,36),(13,36),(15,36),(16,36),(17,36),(18,36),(19,36),(21,36),(22,36),(23,36),(27,36),(31,36),(37,36),(42,36),(43,36),(45,36),(46,36),(47,36),(50,36),(57,36),(68,36),(72,36),(73,36),(74,36),(75,36),(76,36),(77,36),(83,36),(85,36),(86,36),(97,36),(104,36),(105,36),(107,36),(108,36),(109,36),(114,36),(115,36),(116,36),(127,36),(134,36),(135,36),(136,36),(137,36),(148,36),(149,36),(151,36),(4,37),(11,37),(14,37),(27,37),(32,37),(50,37),(101,37),(103,37),(121,37),(123,37),(124,37),(142,37),(159,37),(162,37),(163,37),(167,37),(8,38),(72,38),(121,38),(1,39),(9,39),(11,39),(13,39),(15,39),(16,39),(17,39),(18,39),(19,39),(28,39),(34,39),(36,39),(37,39),(38,39),(39,39),(55,39),(58,39),(59,39),(68,39),(72,39),(73,39),(74,39),(75,39),(76,39),(83,39),(87,39),(88,39),(98,39),(99,39),(100,39),(106,39),(107,39),(112,39),(113,39),(114,39),(119,39),(120,39),(124,39),(125,39),(129,39),(131,39),(141,39),(143,39),(144,39),(145,39),(146,39),(148,39),(157,39),(5,40),(9,40),(10,40),(11,40),(13,40),(15,40),(16,40),(17,40),(18,40),(19,40),(37,40),(42,40),(43,40),(52,40),(59,40),(60,40),(61,40),(62,40),(63,40),(64,40),(68,40),(72,40),(74,40),(75,40),(76,40),(77,40),(83,40),(87,40),(88,40),(95,40),(100,40),(105,40),(106,40),(107,40),(108,40),(109,40),(112,40),(113,40),(114,40),(121,40),(139,40),(141,40),(149,40),(154,40),(28,41),(37,41),(60,42),(61,42),(62,42),(63,42),(64,42),(95,42),(98,42),(111,42),(118,42),(130,42),(140,42),(143,42),(144,42),(166,42);
/*!40000 ALTER TABLE `animexgenero` ENABLE KEYS */;
UNLOCK TABLES;

--
-- Table structure for table `dificultad`
--

DROP TABLE IF EXISTS `dificultad`;
/*!40101 SET @saved_cs_client     = @@character_set_client */;
/*!50503 SET character_set_client = utf8mb4 */;
CREATE TABLE `dificultad` (
  `difiId` int NOT NULL,
  `difiNom` varchar(30) NOT NULL,
  PRIMARY KEY (`difiId`)
) ENGINE=InnoDB DEFAULT CHARSET=utf8mb4 COLLATE=utf8mb4_0900_ai_ci;
/*!40101 SET character_set_client = @saved_cs_client */;

--
-- Dumping data for table `dificultad`
--

LOCK TABLES `dificultad` WRITE;
/*!40000 ALTER TABLE `dificultad` DISABLE KEYS */;
INSERT INTO `dificultad` VALUES (1,'Facil'),(2,'Normal'),(3,'Difcil'),(4,'Extremo'),(5,'Pesadilla');
/*!40000 ALTER TABLE `dificultad` ENABLE KEYS */;
UNLOCK TABLES;

--
-- Table structure for table `genero`
--

DROP TABLE IF EXISTS `genero`;
/*!40101 SET @saved_cs_client     = @@character_set_client */;
/*!50503 SET character_set_client = utf8mb4 */;
CREATE TABLE `genero` (
  `genId` int NOT NULL AUTO_INCREMENT,
  `genNom` varchar(30) NOT NULL,
  PRIMARY KEY (`genId`)
) ENGINE=InnoDB AUTO_INCREMENT=43 DEFAULT CHARSET=utf8mb4 COLLATE=utf8mb4_0900_ai_ci;
/*!40101 SET character_set_client = @saved_cs_client */;

--
-- Dumping data for table `genero`
--

LOCK TABLES `genero` WRITE;
/*!40000 ALTER TABLE `genero` DISABLE KEYS */;
INSERT INTO `genero` VALUES (1,'Accion'),(2,'Coches'),(3,'Comedia'),(4,'Demencia'),(5,'Demonios'),(6,'Drama'),(7,'Fantasia'),(8,'Ecchi'),(9,'Juego'),(10,'harem'),(11,'Historico'),(12,'Terror'),(13,'OtroMundo'),(14,'Josei'),(15,'niños'),(16,'Magia'),(17,'ChicaMagica'),(18,'ArtesMarciales'),(19,'Mecha'),(20,'Militar'),(21,'Musica'),(22,'Misterio'),(23,'Parodia'),(24,'Policial'),(25,'psicologico'),(26,'Romance'),(27,'Samurai'),(28,'Escuela'),(29,'CienciaFiccion'),(30,'Seinen'),(31,'Shoujo'),(32,'ShounenAi'),(33,'RecuentoDeLaVida'),(34,'Deportes'),(35,'SobreNatural'),(36,'SuperPoder'),(37,'Thriller'),(38,'Vampiro'),(39,'Aventura'),(40,'Shounen'),(41,'Espacio'),(42,'juego');
/*!40000 ALTER TABLE `genero` ENABLE KEYS */;
UNLOCK TABLES;

--
-- Table structure for table `opening`
--

DROP TABLE IF EXISTS `opening`;
/*!40101 SET @saved_cs_client     = @@character_set_client */;
/*!50503 SET character_set_client = utf8mb4 */;
CREATE TABLE `opening` (
  `opId` int NOT NULL AUTO_INCREMENT,
  `opNom` varchar(30) NOT NULL,
  `opRuta` varchar(30) NOT NULL,
  `animeId` int DEFAULT NULL,
  PRIMARY KEY (`opId`),
  KEY `FK_opening_anime` (`animeId`),
  CONSTRAINT `FK_opening_anime` FOREIGN KEY (`animeId`) REFERENCES `anime` (`animeId`)
) ENGINE=InnoDB AUTO_INCREMENT=350 DEFAULT CHARSET=utf8mb4 COLLATE=utf8mb4_0900_ai_ci;
/*!40101 SET character_set_client = @saved_cs_client */;

--
-- Dumping data for table `opening`
--

LOCK TABLES `opening` WRITE;
/*!40000 ALTER TABLE `opening` DISABLE KEYS */;
INSERT INTO `opening` VALUES (1,'OP1 Skyreach','C:\\AdivinaAnime\\op\\1',1),(2,'OP2 LIAR MASK','C:\\AdivinaAnime\\op\\2',1),(3,'OP1 My Soul, Your Beats!','C:\\AdivinaAnime\\op\\3',2),(4,'OP2 My Soul, Your Beats!','C:\\AdivinaAnime\\op\\4',2),(5,'OP1 Aoi Shiori','C:\\AdivinaAnime\\op\\5',3),(6,'OP1 Circle Game','C:\\AdivinaAnime\\op\\6',3),(7,'OP1 Kyoumu Densen','C:\\AdivinaAnime\\op\\7',4),(8,'OP1 Seishun Satsubatsu-ron','C:\\AdivinaAnime\\op\\8',5),(9,'OP2 Jiriki Hongan Revolution','C:\\AdivinaAnime\\op\\9',5),(10,'OP2 Bye Bye Yesterday','C:\\AdivinaAnime\\op\\10',6),(11,'OP1 Sekai wa Koi Ochiteiru','C:\\AdivinaAnime\\op\\11',7),(12,'OP2 Kaerimishi','C:\\AdivinaAnime\\op\\12',8),(13,'OP3 Ambivalent World','C:\\AdivinaAnime\\op\\13',8),(14,'OP4 Renai Circulation','C:\\AdivinaAnime\\op\\14',8),(15,'OP5 Sugar Sweet Nightmare','C:\\AdivinaAnime\\op\\15',8),(16,'OP1 Haruka Mirai','C:\\AdivinaAnime\\op\\16',9),(17,'OP2 PAiNT it BLACK','C:\\AdivinaAnime\\op\\17',9),(18,'OP3 Black Rover','C:\\AdivinaAnime\\op\\18',9),(19,'OP4 Guess Who Is Back','C:\\AdivinaAnime\\op\\19',9),(20,'OP5 Gamushara','C:\\AdivinaAnime\\op\\20',9),(21,'OP6 Rakugaki Page','C:\\AdivinaAnime\\op\\21',9),(22,'OP7 JUSTadICE','C:\\AdivinaAnime\\op\\22',9),(23,'OP8 sky&blue','C:\\AdivinaAnime\\op\\23',9),(24,'OP9 RiGHT NOW','C:\\AdivinaAnime\\op\\24',9),(25,'OP10 Black Catcher','C:\\AdivinaAnime\\op\\25',9),(26,'OP11 Stories','C:\\AdivinaAnime\\op\\26',8),(27,'OP12 Eien ni Hikare','C:\\AdivinaAnime\\op\\27',8),(28,'OP13 Grandeur','C:\\AdivinaAnime\\op\\28',8),(29,'OP1 CORE PRIDE','C:\\AdivinaAnime\\op\\29',10),(30,'OP2 IN MY WORLD','C:\\AdivinaAnime\\op\\30',10),(31,'OP1 found & lost','C:\\AdivinaAnime\\op\\31',11),(32,'OP2 FREEDOM','C:\\AdivinaAnime\\op\\32',11),(33,'OP1 Wild Side','C:\\AdivinaAnime\\op\\33',12),(34,'OP1 *~Asterisk','C:\\AdivinaAnime\\op\\34',13),(35,'OP2 D-tecnolife','C:\\AdivinaAnime\\op\\35',13),(36,'OP3 Ichirin no Hana','C:\\AdivinaAnime\\op\\36',13),(37,'OP4 Tonight, Tonight, Tonight','C:\\AdivinaAnime\\op\\37',13),(38,'OP5 Rolling Star','C:\\AdivinaAnime\\op\\38',13),(39,'OP6 ALONES','C:\\AdivinaAnime\\op\\39',13),(40,'OP7 After Dark','C:\\AdivinaAnime\\op\\40',13),(41,'OP8 CHU-BURA','C:\\AdivinaAnime\\op\\41',13),(42,'OP9 Velonica','C:\\AdivinaAnime\\op\\42',13),(43,'OP10 Shoujo S','C:\\AdivinaAnime\\op\\43',13),(44,'OP11 Anima Rossa','C:\\AdivinaAnime\\op\\44',13),(45,'OP12 chAngE','C:\\AdivinaAnime\\op\\45',13),(46,'OP13 Ranbu no Melody','C:\\AdivinaAnime\\op\\46',13),(47,'OP14 BLUE','C:\\AdivinaAnime\\op\\47',13),(48,'OP15 HARUKAZE','C:\\AdivinaAnime\\op\\48',13),(49,'OP1 Re:Re:','C:\\AdivinaAnime\\op\\49',14),(50,'OP1 The Day','C:\\AdivinaAnime\\op\\50',15),(51,'OP1 Peace Sign','C:\\AdivinaAnime\\op\\51',16),(52,'OP2 Sora ni Utaeba','C:\\AdivinaAnime\\op\\52',16),(53,'OP1 ODD FUTURE','C:\\AdivinaAnime\\op\\53',17),(54,'OP2 Make My Story','C:\\AdivinaAnime\\op\\54',17),(55,'OP1 Polaris','C:\\AdivinaAnime\\op\\55',18),(56,'OP2 Star Marker','C:\\AdivinaAnime\\op\\56',18),(57,'OP1 No.1','C:\\AdivinaAnime\\op\\57',19),(58,'OP1 Baton Road','C:\\AdivinaAnime\\op\\58',20),(59,'OP2 OVER','C:\\AdivinaAnime\\op\\59',20),(60,'OP3 Its all in the game','C:\\AdivinaAnime\\op\\60',20),(61,'OP4 Lonely Go!','C:\\AdivinaAnime\\op\\61',20),(62,'OP5 Golden Time','C:\\AdivinaAnime\\op\\62',20),(63,'OP6 Teenage Dream','C:\\AdivinaAnime\\op\\63',20),(64,'OP7 Hajimatte Iku ','C:\\AdivinaAnime\\op\\64',20),(68,'OP1 Trash Candy','C:\\AdivinaAnime\\op\\68',21),(69,'OP1 Reason Living','C:\\AdivinaAnime\\op\\69',22),(70,'OP1 Bravely You','C:\\AdivinaAnime\\op\\70',23),(71,'OP1 Sparkling Daydream','C:\\AdivinaAnime\\op\\71',24),(72,'OP1 Megumeru','C:\\AdivinaAnime\\op\\72',25),(73,'OP1 Toki wo Kizamu Uta','C:\\AdivinaAnime\\op\\73',26),(74,'OP1 COLORS','C:\\AdivinaAnime\\op\\74',27),(75,'OP2 Kaidoku Funou','C:\\AdivinaAnime\\op\\75',27),(76,'OP3 Hitomi no Tsubasa','C:\\AdivinaAnime\\op\\76',27),(77,'OP1 02~O-Two~','C:\\AdivinaAnime\\op\\77',50),(78,'OP2 WORLD END','C:\\AdivinaAnime\\op\\78',50),(79,'OP1 Tank!','C:\\AdivinaAnime\\op\\79',28),(80,'OP1 DANGANRONPA','C:\\AdivinaAnime\\op\\80',29),(81,'OP2 Never Say Never','C:\\AdivinaAnime\\op\\81',29),(82,'OP1 KISS OF DEATH ','C:\\AdivinaAnime\\op\\82',30),(83,'OP2 KISS OF DEATH ','C:\\AdivinaAnime\\op\\83',30),(84,'OP1 One Reason','C:\\AdivinaAnime\\op\\84',31),(85,'OP1 THE WORLD','C:\\AdivinaAnime\\op\\85',32),(86,'OP2 Whats up people?','C:\\AdivinaAnime\\op\\86',32),(87,'OP1 Kaen','C:\\AdivinaAnime\\op\\87',34),(88,'OP2 Dororo','C:\\AdivinaAnime\\op\\88',34),(90,'OP1 QUESTION','C:\\AdivinaAnime\\op\\90',6),(91,'OP1 Rakuen','C:\\AdivinaAnime\\op\\91',36),(92,'OP1 Cha-La Head-Cha-La','C:\\AdivinaAnime\\op\\92',37),(93,'OP2 We Gotta Power','C:\\AdivinaAnime\\op\\93',37),(94,'OP1 Hey World','C:\\AdivinaAnime\\op\\94',38),(95,'OP1 HELLO to DREAM','C:\\AdivinaAnime\\op\\95',39),(96,'OP1 Uragiri no Yuuyake','C:\\AdivinaAnime\\op\\96',40),(97,'OP2 Complication','C:\\AdivinaAnime\\op\\97',40),(98,'OP1 My Generation','C:\\AdivinaAnime\\op\\98',41),(99,'OP1 Inferno','C:\\AdivinaAnime\\op\\99',42),(100,'OP2 MAYDAY','C:\\AdivinaAnime\\op\\100',42),(101,'OP1 SPARK-AGAIN','C:\\AdivinaAnime\\op\\101',43),(102,'OP2 Torch of Liberty','C:\\AdivinaAnime\\op\\102',43),(103,'OP3 ft','C:\\AdivinaAnime\\op\\103',44),(104,'OP4 Rockin Playing Game','C:\\AdivinaAnime\\op\\104',44),(105,'OP5 Egao No Mahou','C:\\AdivinaAnime\\op\\105',44),(106,'OP6 Fiesta','C:\\AdivinaAnime\\op\\106',44),(107,'OP7 Evidence','C:\\AdivinaAnime\\op\\107',44),(108,'OP8 The Rock City Boy','C:\\AdivinaAnime\\op\\108',44),(109,'OP9 Towa no Kizuna','C:\\AdivinaAnime\\op\\109',44),(110,'OP10 I Wish','C:\\AdivinaAnime\\op\\110',44),(111,'OP11 Hajimari no Sora','C:\\AdivinaAnime\\op\\111',44),(112,'OP12 Tenohira','C:\\AdivinaAnime\\op\\112',44),(115,'OP1 ideal white','C:\\AdivinaAnime\\op\\115',45),(116,'OP1 oath sign','C:\\AdivinaAnime\\op\\116',46),(117,'OP1 to the beginning','C:\\AdivinaAnime\\op\\117',47),(118,'OP1 Again','C:\\AdivinaAnime\\op\\118',48),(119,'OP2 Chime','C:\\AdivinaAnime\\op\\119',48),(120,'OP1 PINK BLOOD','C:\\AdivinaAnime\\op\\120',48),(121,'OP1 Kimi ja Nakya Dame Mitai','C:\\AdivinaAnime\\op\\121',51),(122,'OP2 Tooi Nioi','C:\\AdivinaAnime\\op\\122',52),(123,'OP3 Giniro no Sora','C:\\AdivinaAnime\\op\\123',52),(124,'OP4 Kasanaru Kage','C:\\AdivinaAnime\\op\\124',52),(125,'OP5 DONTEN','C:\\AdivinaAnime\\op\\125',52),(126,'OP6 Anata MAGIC','C:\\AdivinaAnime\\op\\126',52),(127,'OP7 Stairway Generation','C:\\AdivinaAnime\\op\\127',52),(128,'OP8 Light Infection','C:\\AdivinaAnime\\op\\128',52),(129,'OP1 Kizuato','C:\\AdivinaAnime\\op\\129',53),(130,'OP1 Gotoubun no Kimochi','C:\\AdivinaAnime\\op\\130',54),(131,'OP1 Rightfully','C:\\AdivinaAnime\\op\\131',55),(132,'OP1 Golden Time','C:\\AdivinaAnime\\op\\132',56),(133,'OP1 Euterpe','C:\\AdivinaAnime\\op\\133',57),(134,'OP2 My Dearest','C:\\AdivinaAnime\\op\\134',57),(135,'OP1 Melissa','C:\\AdivinaAnime\\op\\135',58),(136,'OP2 READY STEADY GO','C:\\AdivinaAnime\\op\\136',58),(137,'OP3 UNDO','C:\\AdivinaAnime\\op\\137',58),(138,'OP4 Rewrite','C:\\AdivinaAnime\\op\\138',58),(139,'OP1 Imagination','C:\\AdivinaAnime\\op\\139',60),(140,'OP2 Ah Yeah!!','C:\\AdivinaAnime\\op\\140',60),(141,'OP1 Hikari Are','C:\\AdivinaAnime\\op\\141',61),(142,'OP1 Im A Believer','C:\\AdivinaAnime\\op\\142',62),(143,'OP2 Fly High!!','C:\\AdivinaAnime\\op\\143',62),(144,'OP1 PHOENIX','C:\\AdivinaAnime\\op\\144',63),(145,'OP1 Toppakou','C:\\AdivinaAnime\\op\\145',64),(146,'OP1 Toppakou','C:\\AdivinaAnime\\op\\146',65),(147,'OP1 Mission! Ken・Kou・Dai・Ichi','C:\\AdivinaAnime\\op\\147',66),(148,'OP1 Iro Kousui','C:\\AdivinaAnime\\op\\148',67),(149,'OP1 departure!','C:\\AdivinaAnime\\op\\149',68),(150,'OP1 Flyers','C:\\AdivinaAnime\\op\\150',33),(151,'OP1 Good Morning World!','C:\\AdivinaAnime\\op\\151',35),(152,'OP1 Snow Fairy','C:\\AdivinaAnime\\op\\152',44),(153,'OP2 S.O.W. Sense of Wonder','C:\\AdivinaAnime\\op\\153',44),(154,'OP1 Pray','C:\\AdivinaAnime\\op\\154',52),(155,'OP1 again','C:\\AdivinaAnime\\op\\155',59),(156,'OP2 Hologram','C:\\AdivinaAnime\\op\\156',59),(157,'OP3 Golden Time Lover','C:\\AdivinaAnime\\op\\157',59),(158,'OP4 Period','C:\\AdivinaAnime\\op\\158',59),(159,'OP5 Rain','C:\\AdivinaAnime\\op\\159',59),(160,'OP1 Yasashisa no Riyuu','C:\\AdivinaAnime\\op\\160',69),(161,'OP2 Mikansei Stride','C:\\AdivinaAnime\\op\\161',69),(162,'OP1 EASY LOVE','C:\\AdivinaAnime\\op\\162',70),(163,'OP1 No.7','C:\\AdivinaAnime\\op\\163',71),(164,'OP1 Sono Chi no Sadame','C:\\AdivinaAnime\\op\\164',72),(165,'OP2 BLOODY STREAM','C:\\AdivinaAnime\\op\\165',72),(166,'OP1 Crazy Noisy Bizarre Town','C:\\AdivinaAnime\\op\\166',73),(167,'OP2 Crazy Noisy Bizarre Town','C:\\AdivinaAnime\\op\\167',73),(168,'OP1 Fighting Gold','C:\\AdivinaAnime\\op\\168',74),(169,'OP2 Uragirimono no Requiem','C:\\AdivinaAnime\\op\\169',74),(170,'OP1 STAND PROUD','C:\\AdivinaAnime\\op\\170',75),(171,'OP1 Sono Chi no Kioku','C:\\AdivinaAnime\\op\\171',76),(172,'OP1 Kaikai Kitan','C:\\AdivinaAnime\\op\\172',77),(173,'OP2 VIVID VICE','C:\\AdivinaAnime\\op\\173',77),(174,'OP1 Cagayake! GIRLS','C:\\AdivinaAnime\\op\\174',78),(175,'OP2 Cagayake!','C:\\AdivinaAnime\\op\\175',78),(176,'OP1 Love Dramatic','C:\\AdivinaAnime\\op\\176',79),(177,'OP1 DADDY! DADDY! DO!','C:\\AdivinaAnime\\op\\177',80),(178,'OP1 My Secret','C:\\AdivinaAnime\\op\\178',81),(179,'OP1 Deal with the devil','C:\\AdivinaAnime\\op\\179',82),(180,'OP1 Kono Yubi Tomare','C:\\AdivinaAnime\\op\\180',168),(181,'OP1 TOP','C:\\AdivinaAnime\\op\\181',83),(182,'OP1 Centimeter','C:\\AdivinaAnime\\op\\182',84),(183,'OP1 Hello, world!','C:\\AdivinaAnime\\op\\183',85),(184,'OP1 Sirius','C:\\AdivinaAnime\\op\\184',86),(185,'OP2 ambiguous','C:\\AdivinaAnime\\op\\185',86),(186,'OP1 Gurenge','C:\\AdivinaAnime\\op\\186',87),(187,'OP1 Zankyou Zanka','C:\\AdivinaAnime\\op\\187',88),(188,'OP1 Yume Tourou','C:\\AdivinaAnime\\op\\188',89),(189,'OP1 Let Me Hear','C:\\AdivinaAnime\\op\\189',90),(190,'OP1 Aozora no Rhapsody','C:\\AdivinaAnime\\op\\190',91),(191,'OP1 Cinderella','C:\\AdivinaAnime\\op\\191',92),(192,'OP1 fantastic dreamer','C:\\AdivinaAnime\\op\\192',93),(193,'OP1 TOMORROW','C:\\AdivinaAnime\\op\\193',94),(194,'OP1 Can Do','C:\\AdivinaAnime\\op\\194',95),(195,'OP2 RIMFIRE','C:\\AdivinaAnime\\op\\195',95),(196,'OP1 Kiss of Monochrome','C:\\AdivinaAnime\\op\\196',96),(197,'OP1 Kyoukai no Kanata','C:\\AdivinaAnime\\op\\197',97),(198,'OP1 TAKUMA','C:\\AdivinaAnime\\op\\198',98),(199,'OP1 Underground River','C:\\AdivinaAnime\\op\\199',99),(200,'OP2 Deep in Abyss','C:\\AdivinaAnime\\op\\200',99),(201,'OP1 V.I.P','C:\\AdivinaAnime\\op\\201',100),(202,'OP2 Matataku Hoshi','C:\\AdivinaAnime\\op\\202',100),(203,'OP1 Connect','C:\\AdivinaAnime\\op\\203',101),(204,'OP1 Rising Hope','C:\\AdivinaAnime\\op\\204',102),(205,'OP2 grilletto','C:\\AdivinaAnime\\op\\205',102),(206,'OP1 Kuusou Mesorogiwi','C:\\AdivinaAnime\\op\\206',103),(207,'OP2 Dead END','C:\\AdivinaAnime\\op\\207',103),(208,'OP1 99','C:\\AdivinaAnime\\op\\208',104),(209,'OP1 99.9','C:\\AdivinaAnime\\op\\208',105),(210,'OP1 Netsujou no Spectrum','C:\\AdivinaAnime\\op\\210',106),(211,'OP2 Seven Deadly Sins','C:\\AdivinaAnime\\op\\211',106),(212,'OP1 Howling','C:\\AdivinaAnime\\op\\212',107),(213,'OP2 Ame ga Furu','C:\\AdivinaAnime\\op\\213',107),(214,'OP1 Realize','C:\\AdivinaAnime\\op\\214',125),(215,'OP2 Long shot','C:\\AdivinaAnime\\op\\215',125),(216,'OP1 R★O★C★K★S','C:\\AdivinaAnime\\op\\216',108),(217,'OP2 Haruka Kanata','C:\\AdivinaAnime\\op\\217',108),(218,'OP3 Kanashimi wo Yasashisa ni','C:\\AdivinaAnime\\op\\218',108),(219,'OP4 GO!!!','C:\\AdivinaAnime\\op\\219',108),(220,'OP5 Seishun Kyosokyoku','C:\\AdivinaAnime\\op\\220',108),(221,'OP6 No Boy, No Cry','C:\\AdivinaAnime\\op\\221',108),(222,'OP7 Namikaze Satellite','C:\\AdivinaAnime\\op\\222',108),(223,'OP8 Re:member','C:\\AdivinaAnime\\op\\223',108),(224,'OP9 YURA YURA','C:\\AdivinaAnime\\op\\224',108),(225,'OP1 Hero\'s Come Back','C:\\AdivinaAnime\\op\\225',109),(226,'OP2 distance','C:\\AdivinaAnime\\op\\226',109),(227,'OP3 Blue Bird','C:\\AdivinaAnime\\op\\227',109),(228,'OP4 CLOSER','C:\\AdivinaAnime\\op\\228',109),(229,'OP5 Hotaru no Hikari','C:\\AdivinaAnime\\op\\229',109),(230,'OP6 Sign','C:\\AdivinaAnime\\op\\230',109),(231,'OP7 Toumei Datta Sekai','C:\\AdivinaAnime\\op\\231',109),(232,'OP8 Diver','C:\\AdivinaAnime\\op\\232',109),(233,'OP9 Lovers','C:\\AdivinaAnime\\op\\233',109),(234,'OP10 newsong','C:\\AdivinaAnime\\op\\234',109),(235,'OP11 Totsugeki Rock','C:\\AdivinaAnime\\op\\235',109),(236,'OP12 Moshimo','C:\\AdivinaAnime\\op\\236',109),(237,'OP13 Niwaka Ame Nimo Makezu','C:\\AdivinaAnime\\op\\237',109),(238,'OP14 Tsuki no Ookisa','C:\\AdivinaAnime\\op\\238',109),(239,'OP15 Guren','C:\\AdivinaAnime\\op\\239',109),(240,'OP16 Silhouette','C:\\AdivinaAnime\\op\\240',109),(241,'OP17 Kaze','C:\\AdivinaAnime\\op\\241',109),(242,'OP18 LINE','C:\\AdivinaAnime\\op\\242',109),(243,'OP19 Blood Circulator','C:\\AdivinaAnime\\op\\243',109),(244,'OP20 Kara no Kokoro','C:\\AdivinaAnime\\op\\244',109),(245,'OP1 Hyadain no Kakakata','C:\\AdivinaAnime\\op\\245',169),(246,'OP2 Hyadain no Joujou Yuujou','C:\\AdivinaAnime\\op\\246',169),(247,'OP1 CLICK','C:\\AdivinaAnime\\op\\247',110),(248,'OP2 STEP','C:\\AdivinaAnime\\op\\248',110),(249,'OP1 This game','C:\\AdivinaAnime\\op\\249',111),(250,'OP2 Onegai☆Snyaiper','C:\\AdivinaAnime\\op\\250',111),(251,'OP1 Goya no Machiawase','C:\\AdivinaAnime\\op\\251',112),(252,'OP1 Kyouran Hey Kids!!','C:\\AdivinaAnime\\op\\252',113),(253,'OP1 We Are!','C:\\AdivinaAnime\\op\\253',114),(254,'OP2 Believe','C:\\AdivinaAnime\\op\\254',114),(255,'OP3 Hikari E','C:\\AdivinaAnime\\op\\255',114),(256,'OP4 Bon Voyage!','C:\\AdivinaAnime\\op\\256',114),(257,'OP5 Kokoro no Chizu','C:\\AdivinaAnime\\op\\257',114),(258,'OP6 Brand New World','C:\\AdivinaAnime\\op\\258',114),(259,'OP7 We Are!','C:\\AdivinaAnime\\op\\259',114),(260,'OP8 Crazy Rainbow','C:\\AdivinaAnime\\op\\260',114),(261,'OP9 Jungle P','C:\\AdivinaAnime\\op\\261',114),(262,'OP10 We Are','C:\\AdivinaAnime\\op\\262',114),(263,'OP11 Share the World','C:\\AdivinaAnime\\op\\263',114),(264,'OP12 Kaze wo Sagashite','C:\\AdivinaAnime\\op\\264',114),(265,'OP13 One Day','C:\\AdivinaAnime\\op\\265',114),(266,'OP14 Fight Together','C:\\AdivinaAnime\\op\\266',114),(267,'OP15 We go!','C:\\AdivinaAnime\\op\\267',114),(268,'OP16 Hands Up!','C:\\AdivinaAnime\\op\\268',114),(269,'OP17 Wake up!','C:\\AdivinaAnime\\op\\269',114),(270,'OP18 Hard Knock Days','C:\\AdivinaAnime\\op\\270',114),(271,'OP19 We Can!','C:\\AdivinaAnime\\op\\271',114),(272,'OP20 Hope','C:\\AdivinaAnime\\op\\272',114),(273,'OP21 Super Powers','C:\\AdivinaAnime\\op\\273',114),(274,'OP22 OVER THE TOP','C:\\AdivinaAnime\\op\\274',114),(275,'OP23 DREAMIN\' ON','C:\\AdivinaAnime\\op\\275',114),(276,'OP24 PAINT','C:\\AdivinaAnime\\op\\276',114),(277,'OP1 THE HERO !!','C:\\AdivinaAnime\\op\\277',115),(278,'OP1 Seijaku no Apostle','C:\\AdivinaAnime\\op\\278',116),(279,'OP1 Hikari no Hahen','C:\\AdivinaAnime\\op\\279',117),(280,'OP1 Fiction','C:\\AdivinaAnime\\op\\280',118),(281,'OP1 Clattanoia','C:\\AdivinaAnime\\op\\281',119),(282,'OP1 GO CRY GO','C:\\AdivinaAnime\\op\\282',120),(283,'OP1 X.U.','C:\\AdivinaAnime\\op\\283',121),(284,'OP1 Ring of Fortune','C:\\AdivinaAnime\\op\\284',122),(285,'OP1 abnormalize','C:\\AdivinaAnime\\op\\285',123),(286,'OP2 Out of Control','C:\\AdivinaAnime\\op\\286',123),(287,'OP1 Redo','C:\\AdivinaAnime\\op\\287',124),(288,'OP2 Paradisus','C:\\AdivinaAnime\\op\\288',124),(289,'OP1 Button','C:\\AdivinaAnime\\op\\289',126),(290,'OP1 Zankoku ja nai','C:\\AdivinaAnime\\op\\290',127),(291,'OP1 Kimi ga Yume','C:\\AdivinaAnime\\op\\291',128),(292,'OP2 Yume no Tsuzuki','C:\\AdivinaAnime\\op\\292',128),(293,'OP3 I call your name','C:\\AdivinaAnime\\op\\293',128),(294,'OP1 Battlecry','C:\\AdivinaAnime\\op\\294',129),(295,'OP1 Answer','C:\\AdivinaAnime\\op\\295',130),(296,'OP2 Sayonara Bystander','C:\\AdivinaAnime\\op\\296',130),(297,'OP1 Vital','C:\\AdivinaAnime\\op\\297',131),(298,'OP1 Kimi no Sei','C:\\AdivinaAnime\\op\\298',132),(299,'OP1 Hikaru nara','C:\\AdivinaAnime\\op\\299',133),(300,'OP1 Guren no Yumiya','C:\\AdivinaAnime\\op\\300',134),(301,'OP2 Jiyuu no Tsubasa','C:\\AdivinaAnime\\op\\301',134),(302,'OP1 Shinzou wo Sasageyo!','C:\\AdivinaAnime\\op\\302',135),(303,'OP1 Red Swan','C:\\AdivinaAnime\\op\\303',136),(304,'OP2 Shikabane no Michi','C:\\AdivinaAnime\\op\\304',136),(305,'OP1 Boku no Sensou','C:\\AdivinaAnime\\op\\305',137),(306,'OP2 The Rumbling','C:\\AdivinaAnime\\op\\306',137),(307,'OP1 Zankoku na Tenshi','C:\\AdivinaAnime\\op\\307',138),(308,'OP1 Kibou no Uta','C:\\AdivinaAnime\\op\\308',139),(309,'OP2 Rising Rainbow','C:\\AdivinaAnime\\op\\309',139),(310,'OP3 ROUGH DIAMONDS','C:\\AdivinaAnime\\op\\310',139),(311,'OP4 BRAVER','C:\\AdivinaAnime\\op\\311',139),(312,'OP1 Paradise','C:\\AdivinaAnime\\op\\312',140),(313,'OP1 Resonance','C:\\AdivinaAnime\\op\\313',141),(314,'OP2 PAPERMOON','C:\\AdivinaAnime\\op\\314',141),(315,'OP1 Hacking to the Gate','C:\\AdivinaAnime\\op\\315',142),(316,'OP1 crossing field','C:\\AdivinaAnime\\op\\316',143),(317,'OP2 INNOCENCE','C:\\AdivinaAnime\\op\\317',143),(318,'OP1 IGNITE','C:\\AdivinaAnime\\op\\318',144),(319,'OP2 courage','C:\\AdivinaAnime\\op\\319',144),(320,'OP3 Separate Ways','C:\\AdivinaAnime\\op\\320',144),(321,'OP1 ADAMAS','C:\\AdivinaAnime\\op\\321',145),(322,'OP2 RESISTER','C:\\AdivinaAnime\\op\\322',145),(323,'OP1 RISE','C:\\AdivinaAnime\\op\\323',146),(324,'OP2 FAITH','C:\\AdivinaAnime\\op\\324',146),(325,'OP1 RISE','C:\\AdivinaAnime\\op\\325',147),(326,'OP1 Nameless story','C:\\AdivinaAnime\\op\\326',148),(327,'OP1 Meguru Mono','C:\\AdivinaAnime\\op\\327',148),(328,'OP1 Contradiction','C:\\AdivinaAnime\\op\\328',149),(329,'OP1 unravel','C:\\AdivinaAnime\\op\\329',150),(330,'OP1 Munou','C:\\AdivinaAnime\\op\\330',151),(331,'OP1 asphyxia','C:\\AdivinaAnime\\op\\331',152),(332,'OP1 katharsis','C:\\AdivinaAnime\\op\\332',153),(333,'OP1 Cry Baby','C:\\AdivinaAnime\\op\\333',154),(334,'OP1 Q&A Recital!','C:\\AdivinaAnime\\op\\333',155),(335,'OP1 Pre-Parade','C:\\AdivinaAnime\\op\\335',156),(336,'OP2 silky heart','C:\\AdivinaAnime\\op\\336',156),(337,'OP1 MUKANJYO','C:\\AdivinaAnime\\op\\337',157),(338,'OP2 Dark Crow','C:\\AdivinaAnime\\op\\338',157),(339,'OP1 Sincerely','C:\\AdivinaAnime\\op\\339',158),(340,'OP1 Sudachi no Uta','C:\\AdivinaAnime\\op\\340',159),(341,'OP1 Yukitoki','C:\\AdivinaAnime\\op\\341',160),(342,'OP1 Harumodoki','C:\\AdivinaAnime\\op\\342',161),(343,'OP1 Touch Off','C:\\AdivinaAnime\\op\\343',162),(344,'OP1 Identity','C:\\AdivinaAnime\\op\\344',163),(345,'OP1 JINGO JUNGLE','C:\\AdivinaAnime\\op\\345',164),(346,'OP1 Caste Room','C:\\AdivinaAnime\\op\\346',165),(347,'OP1 History Maker','C:\\AdivinaAnime\\op\\347',166),(348,'OP1 Trigger','C:\\AdivinaAnime\\op\\348',167),(349,'OP1 Sakura Kiss','C:\\AdivinaAnime\\op\\349',170);
/*!40000 ALTER TABLE `opening` ENABLE KEYS */;
UNLOCK TABLES;
/*!40103 SET TIME_ZONE=@OLD_TIME_ZONE */;

/*!40101 SET SQL_MODE=@OLD_SQL_MODE */;
/*!40014 SET FOREIGN_KEY_CHECKS=@OLD_FOREIGN_KEY_CHECKS */;
/*!40014 SET UNIQUE_CHECKS=@OLD_UNIQUE_CHECKS */;
/*!40101 SET CHARACTER_SET_CLIENT=@OLD_CHARACTER_SET_CLIENT */;
/*!40101 SET CHARACTER_SET_RESULTS=@OLD_CHARACTER_SET_RESULTS */;
/*!40101 SET COLLATION_CONNECTION=@OLD_COLLATION_CONNECTION */;
/*!40111 SET SQL_NOTES=@OLD_SQL_NOTES */;

-- Dump completed on 2022-06-24 20:39:24
